"First created: May 30, 2022; last updated September 27, 2026","The Retraction Watch Hijacked Journal Checker will be frequently updated, and requires resources. Would you consider a U.S. tax-deductible donation to help us sustain it?","For more information, see this post.
 If you have a journal for consideration, please submit it using this form.",,,,
,Hijacked Journal Title,URL (Hijacked),ISSN (Hijacked),Original journal,ISSN (Original), URL (Original Journal)
1,Academy of Management Annals,https://aomannals.com/,"1941-6520,  1941-6067",Academy of Management Annals,"1941-6520,  1941-6067",https://journals.aom.org/journal/annals
2,Acervo Journal,https://acervojournal.com/,"0102-700X, 2237-8723",Acervo,"0102-700X, 2237-8723",https://revistaacervo.an.gov.br/index.php/revistaacervo
3,Acervo Journal,https://acervojournal.org/,2237-8723,Acervo,"0102-700X, 2237-8723",https://revistaacervo.an.gov.br/index.php/revistaacervo
4,Acta Biomedica,https://mattioli1885journal.com/,"0392-4203, 2531-6745",Acta Biomedica,"0392-4203, 2531-6745",
5,Acta Biomedica,https://mattiolli1885journals.com/,"0392-4203, 2531-6745",Acta Biomedica,"0392-4203, 2531-6745",
6,Acta Pediátrica de México,https://actapediatricademexico.com/index.php/apm,0186-2391,Acta Pediátrica de México,"0186-2391, 2395-8235",https://ojs.actapediatrica.org.mx/index.php/APM/about
7,Acta Scientiae,http://www.periodicos.ulbra.org/index.php/acta/index,1517-4492; 2178-7727,Acta Scientiae,"2178-7727, 1517-4492",http://www.periodicos.ulbra.br/index.php/acta
8,Adalya,http://adalyajournal.com/,1301-2746,Adalya,1301-2746,
9,Advances in Aeronautical Science and Engineering,https://aaseresearch.org/,1674-8190,Hangkong gongcheng jinzhan/Advances in Aeronautical Science and Engineering,1674-8190,
10,Advances in Mechanics,https://www.advancesinmechanics.com/,1000-0992,Advances in Mechanics,1000-0992,
11,Advances in Water Science,http://www.skxjz.info/,1001-6791,Shuikexue Jinzhan/Advances in Water Science,1001-6791,http://skxjz.nhri.cn/
12,Aegaeum Journal,http://aegaeum.com/,0776-3808,Aegaeum,0776-3808,
13,Aegaum Journal,https://aegaum.com/,0776-3808,Aegaeum,0776-3808,
14,Afinidad,https://opensubmissionsystem.com/index.php/afi,0001-9704,Afinidad,"0001-9704, 2339-9686",https://www.raco.cat/index.php/afinidad/index
15,Agrociencia Journal,http://www.colopos.mx/,1405-3195,Agrociencia,1405-3195,
16,AHURI Final Report Journal,https://e-ahuri.com/,1834-7223,AHURI Final Report,1834-7223,
17,AIUB Journal of Science and Engineering,https://josaeban.com/,1608-3679,AIUB Journal of Science and Engineering,"1608-3679, 2520-4890",https://ajse.aiub.edu/index.php/ajse
18,Ajasra,https://ajasra.in/index.php/about,2278-3741,Ajasra,2278-3741,
19,Al-Qantara,alqantarajournal.com,"1988-2955,0211-3589",Al-Qanṭara,"1988-2955, 0211-3589",https://al-qantara.revistas.csic.es/index.php/al-qantara
20,Alochana Chakra Journal,http://www.alochanachakra.in/,2231-3990,Alochona Chakra,2231-3990,
21,Alochana Journal,https://alochana.org/,2231-3990,Alochona Chakra,2231-3990,
22,Arzneimitteltherapie,https://arzneimitteltherapie.com/,0723-6913,Arzneimitteltherapie,0723-6913,https://www.arzneimitteltherapie.de/
23,"AMA, Agricultural mechanization in Asia, Africa and Latin America",https://www.shin-norinco.com/,0084-5841,"A M A. Agricultural mechanization in Asia, Africa and Latin America",0084-5841,
24,American Journal of Ophthalmology,https://sciencedirects.com/science/article/pii/S1073287613618712/,"0002-9394, 1879-1891",American Journal of Ophthalmology,"0002-9394, 1879-1891",https://www.sciencedirect.com/journal/american-journal-of-ophthalmology
25,American Journal of Psychiatric Rehabilitation,https://ajprui.com/index.php/ajpr/index,1548-7776,American Journal of Psychiatric Rehabilitation,1548-7776; 1548-7776,
26,American Journal of Public Health,https://ajph.aphapublications.international/10.2105/,0090-0036; 1541-0048,American Journal of Public Health,0090-0036; 1541-0048,https://ajph.aphapublications.org/
27,Annals of Forest Research,https://e-afr.org/,"1844-8135, 2065-2445",Annals of Forest Research,"1844-8135, 2065-2445",
28,Annals of the Romanian Society for Cell Biology,http://annalsofrscb.ro/,1583-6258,Annals of the Romanian Society for Cell Biology,1583-6258,
29,Applied Finance Letters,"https://www.a-fl-insight.com/about
","2253-5799, 2253-5802",Applied Finance Letters,"2253-5799, 2253-5802",https://ojs.aut.ac.nz/applied-finance-letters/
30,Archeo Sciences Journal,https://archeosciences.org/,1960–1360,ArcheoSciences,"1960-1360, 2104-3728",
31,Archipel,https://archipeljournal.com/,0044-8613,Archipel,0044-8613,
32,Arctic journal,https://arcticjournal.org/,0004-0843,Arctic,0004-0843,https://arctic.ucalgary.ca/arctic-journal
33,Asia Life Sciences,https://www.academicspub.com/,0117-3375,Asia life sciences,0117-3375,
34,Atomic Spectroscopy,http://atomicspectroscoopyjournal.com/index.php/at-spectrosc,0195-5373; 2708-521X,Atomic Spectroscopy,0195-5373; 2708-521X,http://www.at-spectrosc.com/as/home
35,Atrio,https://atriojournal.com/,"0214-8293, 2659-5230",Atrio,"0214-8293, 2659-5230",https://www.upo.es/revistas/index.php/atrio
36,Aut Aut Research Journal,http://autrj.com/,0005-0601,Aut Aut,0005-0601,
37,Azania,azaniajournal.com,0067-270X,Azania,"0067-270X, 19455534",
38,Azerbaijan medical journal,https://www.azerbaijanmedicaljournal.com/,0005-2523,Azerbaijan medical journal,0005-2523,https://azmedjournal.com/
39,Azerbaijan medical journal,https://www.azerbaijanmedicaljournal.net/,0005-2523,Azerbaijan medical journal,0005-2523,https://azmedjournal.com/
40,Baltic Journal of Law and Politics,https://versita.com/bjp/,2029-0454,Baltic Journal of Law & Politics,2029-0454,
41,Baltica Journal,https://balticajournal.com/,0067-3064,Baltica,0067-3064,
42,Bangladesh Journal of Pharmacology,https://www.bdjpharmacol.com/index.php/BJP,1991-0088,Bangladesh Journal of Pharmacology,"1991-0088, 1991-007X","https://banglajol.info/index.php/BJP/, https://bdpsjournal.org/index.php/bjp/about"
43,Beijing Ligong Daxue Xuebao/Transaction of Beijing Institute of Technology,https://www.beijing-institute-of-technology.com/,1001-0645,Beijing Ligong Daxue Xuebao/Transaction of Beijing Institute of Technology,1001-0645,https://chn.oversea.cnki.net/KNavi/JournalDetail?pcode=CJFD&pykm=BJLG
44,Biogecko,www.biogecko.co.nz/,2230-5807,Biogecko,2230-5807,expired domain
45,Biomaterials Translational,https://biomaterialstranslational.com/index.php/JGHR,2096-112X,Biomaterials Translational,2096-112X,http://www.biomat-trans.com/
46,Bionatura,https://revistabionatura.org/,1390-9347; 1390-9355,Bionatura,1390-9347; 1390-9355,"https://revistabionatura.com - ceased publication; https://bionaturajournal.com/ - nre journal.
"
47,Blumea,https://www.nhn.leidenunivnl.org/,0006-5196,Blumea,"0006-5196, 2212-1676",https://www.ingentaconnect.com/content/nhn/blumea
48,Boletin de Literatura Oral,https://www.boletindeliteraturaoral.com/index.php/bdlo,2173-0695,Boletin de Literatura Oral,2173-0695,https://revistaselectronicas.ujaen.es/index.php/blo/index
49,BOREAL ENVIRONMENT RESEARCH,https://borenv.com/,1239-6095,Boreal environment research,1239-6095,
50,Bradleya,https://societybcss.org/product-category/bradleya/,0265-086X,Bradleya,0265-086X,https://bioone.org/journals/bradleya/current
51,British Journal of Psychotherapy,http://www.artesianbooks.co.uk/index.php/bjop,n/a,British Journal of Psychotherapy,1752-0118,https://onlinelibrary.wiley.com/journal/17520118
52,Bulletin For Technology And History,https://bthnl.com/,0391-6715,Bollettino Storico - Bibliografico Subalpino,0391-6715,
53,Bulletin For Technology And History,https://bthnl.net/,0391-6715,Bollettino Storico - Bibliografico Subalpino,0391-6715,
54,Bulletin Monumental Journal,http://bulletinmonumental.com/,0007-473X,Bulletin Monumental,0007-473X,
55,Bulletin Monumental Journal,https://bulletinmonumental.org/,0007-473X,Bulletin Monumental,0007-473X,
56,Bulletin of Mathematical Sciences,https://btmsjournal.com/,0007-4497,Bulletin des Sciences Mathématiques,"0007-4497, 1952-4773",https://www.sciencedirect.com/journal/bulletin-des-sciences-mathematiques
57,Bulletin of National Institute of Health Sciences,https://www.healthsciencesbulletin.com/,1343-4292,Bulletin of National Institute of Health Sciences,1343-4292,
58,"Business, Management and Economics Engineering",https://businessmanagementeconomicsengineering.com/,"2669-2481, 2669-249X","Business, Management and Economics Engineering","2669-2481, 2669-249X",
59,"Business, Management and Economics Engineering",https://www.businessmanagementeconomics.com/BMEE/,"2669-2481, 2669-249X","Business, Management and Economics Engineering","2669-2481, 2669-249X",
60,CAHIERS DES SCIENCES NATURELLES,http://revistas-academicas.com/cahiers/index.html,1420-4223,Les cahiers de sciences naturelles,1420-4223,
61,Cahiers Magellanes-NS,https://magellanes.com/,1624-1940,Cahiers Magellanes-NS,1624-1940,https://magellanes.net/book-series/cahiers-magellanes/
62,CATTLE PRACTICE,https://cattlepractice.org/,0969-1251,Cattle practice,0969-1251,
63,Central European Management Journal,https://journals.kozminski.cems-j.com/index.php/pl_cemj/,"2336-2693, 2336-4890",Central European Management Journal,"2658-0845, 2658-2430",
64,Change Management,https://cm-cgrn.com/,2327-9176,Change Management,"2327-798X, 2327-9176",https://cgscholar.com/bookstore/cgrn/255/256
65,Chelonian Conservation and Biology,http://acgpublishing.com/index.php/ccab/,1071-8443,Chelonian Conservation and Biology,1071-8443,https://bioone.org/journals/chelonian-conservation-and-biology
66,Chemija,https://opensubmissionsystem.com/index.php/chemija/,"2424-4538, 0235-7216",Chemija,"0235-7216, 2424-4538",https://www.lmaleidykla.lt/ojs/index.php/chemija/about
67,Chemistry Bulletin / Huaxue Tongbao,https://www.cbht-04413776.com/,0441-3776,Chemistry Bulletin / Huaxue Tongbao/Hua Hsueh Tung Pao,0441-3776,
68,China Biotechnology,https://www.china-biotechnology.com/,1671-8135,China Biotechnology,1671-8135,https://manu60.magtech.com.cn/biotech/EN/1671-8135/home.shtml
69,China Petroleum Processing and Petrochemical Technology,https://zgsyjgysyhgjs.cn/,1008-6234,China Petroleum Processing and Petrochemical Technology,1008-6234,http://www.chinarefining.com/EN/1008-6234/home.shtml
70,Chinese Journal of Evidence-Based Medicine,https://www.cjebm.net/,1672-2531,Chinese Journal of Evidence-Based Medicine,1672-2531,https://www.cjebm.com/journal/zgxzyxzz
71,Chinese Journal of Evidence-Based Medicine,https://cjebm.org/index.php/cjebm,1672-2531,Chinese Journal of Evidence-Based Medicine,1672-2531,https://www.cjebm.com/journal/zgxzyxzz
72,Chinese Journal of Medical Genetics,http://zhyxycx.life/,1003-9406,Chinese Journal of Medical Genetics,1003-9406,
73,Chinese Journal of Medical History / Zhong Hua Yi Shi Za Zhi,https://www.zhyszzperiodicals-cn.net/,0255-7053,Chinese Journal of Medical History / Zhong Hua Yi Shi Za Zhi,0255-7053,https://www.yiigle.com/Journal/Detail/23
74,Chinese Medical Ethics,https://www.chinesemedicalethics.com/,1001-8565,Chinese Medical Ethics,1001-8565,
75,Ciência e Técnica Vitivinícola,http://ciencia-e-tecnica.org/,2416-3953,Ciência e técnica vitivinícola (Journal of viticulture and enology),2416-3953,
76,Cikitusi Journal for Multidisciplinary Research,http://www.cikitusi.com/,0975-6876,Cikitusi,0975-6876,
77,Cineforum,https://revistadecineforum.com/index.php/cf,0009-7039,Cineforum,0009-7039,https://www.cineforum.it/rivista/15NS
78,Cithara Journal,http://citharajournal.com/,0009-7527,Cithara,0009-7527,
79,Cithara,https://cithara-essays.com/,0009-7527,Cithara,0009-7527,
80,Clinical Medicine of China,https://www.clinicalmedicineofchina.com/,1008-6315,Clinical Medicine of China,1008-6315,https://www.yiigle.com/Journal/Detail/120
81,Clinical Psychology Review,https://sciencedirects.com/article/239493.7831/trbasaehaUOSms.php,"0272-7358, 1873-7811",Clinical Psychology Review,"0272-7358, 1873-7811",https://www.sciencedirect.com/journal/clinical-psychology-review
82,Communication and Management Journal,https://cmjjournal.com/,2269-7195,Communication and Management,"2269-7195,2271-734X",https://shs.cairn.info/revue-communication-et-management?lang=fr
83,Community Practitioner,https://commprac.com/,1462-2815,Community Practitioner,1462-2815,https://www.communitypractitioner.co.uk/
84,Compliance Engineering Journal,http://ijceng.com/,0898-3577,Compliance Engineering,0898-3577,
85,Computer Engineering and Applications,https://journalcea.com/,1002-8331,Computer Engineering and Applications,"1002-8331, 2097-2938",
86,Computer Engineering Journal,https://computerengineering.eu/,1000-3428,Computer Engineering Journal,1000-3428,
87,Computer Integrated Manufacturing Systems,http://cims-journal.com/index.php/CN,1006-5911,Jisuanji Jicheng Zhizao Xitong/Computer Integrated Manufacturing Systems,1006-5911,http://www.cims-journal.cn/CN/1006-5911/home.shtml
88,Computer Integrated Manufacturing Systems,https://cims-journal.org/index.php/CN,1006-5911,Jisuanji Jicheng Zhizao Xitong/Computer Integrated Manufacturing Systems,1006-5911,http://www.cims-journal.cn/CN/1006-5911/home.shtml
89,Computer Research and Development,https://journalcrd.org/,1000-1239,Jisuanji Yanjiu yu Fazhan/Computer Research and Development,1000-1239,https://crad.ict.ac.cn/indexen.htm
90,Connected Health,https://www.connectedhealthusa.com/,NLM ID: 9918334487706676,Connected Health,2831-6320,
91,Consultant,https://www.consultant-00107069.com/,0010-7069,Consultant,0010-7069,https://www.consultant360.com/basic-page/about-consultant360-and-consultant
92,Control and decision/Kongzhi yu Juece,https://www.kzyjc.org/,1001-0920,Control and decision/Kongzhi yu Juece,1001-0920,
93,Converter,http://www.converter-magazine.info/,0010-8189,Converter,0010-8189,https://chjournal.net/
94,Corrosion and Protection,https://www.fsyfh.cn/,1005-748X,Corrosion and Protection,1005-748X,
95,Corrosion management,https://icorr.org.uk/index.php/icorr,1355-5243,Corrosion management,1355-5243,https://www.icorr.org/publications/
96,Corrosion management,https://corrosion-management.com/index.php/cm,1355-5243,Corrosion management,1355-5243,https://www.icorr.org/publications/
97,Dalian Haishi Daxue Xuebao/Journal of Dalian Maritime University,https://www.dalian-maritime-university.com/,1006-7736,Dalian Haishi Daxue Xuebao/Journal of Dalian Maritime University,1006-7736,https://chn.oversea.cnki.net/KNavi/JournalDetail?pcode=CJFD&pykm=DLHS
98,"Dandao Xuebao/Journal of Ballistics

","https://ballisticsjournal.com/
","1004-499X

","Dandao Xuebao/Journal of Ballistics

",1004-499X,
99,Degres,degres.pw,0376-8163,Degrés,0376-8163,
100,Degres,degres.eu,0376-8163,Degrés,0376-8163,
101,Degres,degres.net,0376-8163,Degrés,0376-8163,
102,Degres Journal,https://degresjournal.com/,0376-8163,Degrés,0376-8163,
103,Design Engineering,http://thedesignengineering.com/,n/a,Design Engineering,1929-6452,
104,Diagnosis,https://diagnosisj.com/,"2194-8011, 2194-802X",Diagnosis,2194-802X,https://www.degruyter.com/journal/key/dx/html
105,Dianzi Yu Xinxi Xuebao/Journal of Electronics and Information Technology,https://www.dyxxjeit-10095896.com/,1009-5896,Dianzi Yu Xinxi Xuebao/Journal of Electronics and Information Technology,1009-5896,https://jeit.ac.cn/index.htm
106,Dianzi Yu Xinxi Xuebao/Journal of Electronics and Information Technology,https://journaleit.org/,1009-5896,Dianzi Yu Xinxi Xuebao/Journal of Electronics and Information Technology,1009-5896,https://jeit.ac.cn/index.htm
107,Dickensian,http://dickensian.org/,0012-2440,Dickensian,0012-2440,
108,Dizhen Dizhi,https://dizhiguojia.com/,0253-4967,Dizhen Dizhi,0253-4967,
109,Dogo Rangsang Research Journal (D.R S. Research Journal),http://www.drsrjournal.com/,2347-7180,Dogo Rangsang Research Journal,2347-7180,
110,Dogo Rangsang Research Journal (D.R S. Research Journal),https://dogorangsangresearchjournal.com/,2347-7180,Dogo Rangsang Research Journal,2347-7180,
111,Dogo Rangsang Research Journal (D.R S. Research Journal),https://www.journal-dogorangsang.in/,2347-7180,Dogo Rangsang Research Journal,2347-7180,
112,Doriana,http://revistas-academicas.com/doriana/index.html,0417-9927,Doriana,0417-9927,
113,Drewno Journal,https://drewnojournal.com/,1644-3985,Drewno,1644-3985,
114,Drugs and Clinic,https://www.drugsnclinic.com/,1674-5515,Xiandai yaowu yu linchuang,1674-5515,
115,EDUCACIONXX1,https://educacionxx1.net/index.php/edu/about,1139-613X,Educacion XX1,1139-613X,https://revistas.uned.es/index.php/educacionXX1/about
116,Educational Technology Research and Development,https://link.springer.uk.com/articles/10.3201/s41603-022-87020-9/,"1042-1629, 1556-6501",Educational Technology Research and Development,"1042-1629, 1556-6501",https://link.springer.com/journal/11423
117,Electric Machines and Control Application,https://emcaj.com/,1673-6540,Electric Machines and Control Application,1673-6540,
118,Entomologist's Gazette,https://gempublishing.co.uk/,0013-8894,Entomologist's Gazette,0013-8894,https://www.pemberleybooks.com/journals/Entomologists_Gazette.asp
119,Evolution and Human Behavior,https://sciencedirects.com/science/article/pii/wpilmepaca.php,1090=5138,Evolution and Human Behavior,1090=5138,https://www.sciencedirect.com/journal/evolution-and-human-behavior
120,Fa yi xue za zhi,https://www.fayixuezazhi.com/,1004-5619,Fa yi xue za zhi/ Journal of Forensic Medicine,1004-5619,
121,Fiddlehead,https://fiddlehead.fyi/,0015-0630,The Fiddlehead,0015-0630,https://thefiddlehead.ca/
122,Fiddlehead,https://fiddlehead.info/,0015-0630,The Fiddlehead,0015-0630,https://thefiddlehead.ca/
123,Forensic Science and Technology,https://www.forensicsciencetechnology.com/,1008-3650,Forensic Science and Technology,1008-3650,http://www.xsjs-cifs.com/CN/home
124,Forum for Linguistic Studies,https://acad-pubs.com/index.php/fls,"2705-0610, 2705-0602",Forum for Linguistic Studies,"2705-0610, 2705-0602","https://fls.acad-pub.com/index.php/FLS, https://journals.bilpubgroup.com/index.php/fls/issue/archive"
125,Foundry Journal / Zhuzao,https://foundryjournal.net/,1001-4977,Zhuzao/Foundry,1001-4977,http://www.foundryworld.com/indexzhong.php/index/indexzzs
126,FOURRAGES Journal,afpf-asso.com,0429-2766,Fourrages (Versailles),0429-2766,
127,Frontiers in Life Science,www.hfsp-journal.org,"2155-3769, 2155-3777",Frontiers in life science (now All life),"2155-3769, 2155-3777",
128,Fuel,https://sciencedirects.com/article/239493.7831/spipr.php,"0016-2361, 1873-7153",Fuel,"0016-2361, 1873-7153",https://www.sciencedirect.com/journal/fuel
129,Fuzzy Systems and Soft Computing,https://www.fuzzy-tversu.com/,1819-4362,Fuzzy Systems and Soft Computing,1819-4362,http://fuzzy.tversu.ru/
130,G & O (Gedrag & Organisatie),http://lemma-tijdschriften.com/,0921-5077,Gedrag en Organisatie,"0921-5077, 1875-7235",
131,General Medicine,https://www.general-medicine.com/,1311-1817,General Medicine/Обща Медицина,1311-1817,https://cml.mu-sofia.bg/CML/Obsta_Medicina/index.html
132,Geoscience Journal,https://geoscience.ac/,1000-8527,Geoscience,1000-8527,
133,GEO SCIENCE JOURNAL,https://geosciencejournal.com/,1000-8527,Geoscience,1000-8527,
134,GIS Business,https://gisbusiness.org/,1430-3663,gis.Business (ex GeoBit 1430-3663),1869-9286,
135,GIS Science Journal,http://www.gisscience.net/,1869-9391,GIS.Science,1869-9391,https://gispoint.de/gis-science/zeitschrift.html
136,GIS Science Journal,https://gisscience.org/,1869-9391,GIS.Science,1869-9391,https://gispoint.de/gis-science/zeitschrift.html
137,Gongcheng Kexue Xuebao,https://kexuexuebao.com/,2095-9389,Gongcheng Kexue Xuebao/Chinese Journal of Engineering,2095-9389,
138,Gongcheng Kexue Xuebao,https://kexuexuebao.org/,2095-9389,Gongcheng Kexue Xuebao/Chinese Journal of Engineering,2095-9389,
139,Gongcheng Kexue Yu Jishu/Advanced Engineering Science,http://www.gkyj-aes-20963246.com/,2096-3246,Gongcheng kexue yu jishu / Advanced engineering sciences,2096-3246,
140,GORTERIA,http://www.gorteria.nationaalherbarium.com/,0017-2294,Gorteria,0017-2294,
141,Gorteria Journal,https://gorteria.com/,0017-2294,Gorteria,0017-2294,
142,Goya journal,https://goyajournal.com/,0017-2715,Goya,0017-2715,https://www.revistagoya.com/en/acerca-de
143,Goya journal,https://goyajournal.org/,0017-2715,Goya,0017-2715,https://www.revistagoya.com/en/acerca-de
144,Gradiva,https://gradiva.it/,0363-8057,Gradiva,0363-8057,https://www.olschki.it/riviste/9
145,Gradiva Review Journal,http://gradivareview.com/,0363-8057,Gradiva,0363-8057,https://www.olschki.it/riviste/9
146,Gradiva Review Journal,https://gradivareview.net/,0363-8057,Gradiva,0363-8057,https://www.olschki.it/riviste/9
147,GRANJA JOURNAL,https://lagranja.pro/,1390-8596,Granja,"1390-3799, 1390-8596",https://lagranja.ups.edu.ec/granja/
148,Harbin Gongye Daxue Xuebao/Journal of Harbin Institute of Technology,http://hebgydxxb.periodicales.com/,0367-6234,Harbin Gongye Daxue Xuebao/Journal of Harbin Institute of Technology,0367-6234,
149,HCC information sciences,https://hcciscience.org/,2192-1962,Human-centric computing and information sciences,2192-1962,
150,High Technology Letters,http://www.gjstx-e.cn/,1006-6748,High Technology Letters,1006-6748,http://www.hitech863.com/gjstxcn/ch/index.aspx
151,Hong Kong Journal of Social Sciences,hkjoss.com,1021-3619,Hong Kong journal of Social Sciences,1021-3619,
152,Hunan Daxue Xuebao/Journal of Hunan University Natural Sciences,https://hunandaxuexuebao.com/,1674-2974,Hunan Daxue Xuebao/Journal of Hunan University Natural Sciences,1674-2974,
153,Ibérica,https://opensubmissionsystem.com/index.php/IB/,1139-7241,Ibérica,1139-7241,https://revistaiberica.org/index.php/iberica/about
154,Indiana,https://indianajournal.fyi/,"0341-8642, 2365-2225",Indiana,"0341-8642, 2365-2225",https://journals.iai.spk-berlin.de/index.php/indiana
155,Indica,https://indicajournal.net/,0019-686X,Indica,0019-686X,
156,Infokara Research,http://www.infokara.com/,1021-9056,Infokara,1021-9056,
157,Informatica,http://informaticajournal.com/,0868-4952,Informatica,"0868-4952, 1822-8844",
158,Innovations,https://journal-innovations.com/,"1267-4982, 1965-0256",Innovations,1267-4982,https://www.cairn.info/revue-innovations.htm
159,Interciencia Journal,https://intercienciajournal.com/,0378-1844,Interciencia,0378-1844,
160,"International Development Planning Review
",https://idpr.org.uk/,"1474-6743, 1478-3401",International Development Planning Review,"1474-6743, 1478-3401",https://www.liverpooluniversitypress.co.uk/journal/idpr
161,International Education Journal,http://ijdri.com/iej/home-2/,1443-1475,International Education Journal: Comparative Perspectives,1443-1475,
162,International Journal for Research Technology & Seminar,https://ijrtspublications.org/about-journal.php,2347-6117,International journal for research technology and seminar,2347-6117,
163,International Journal of Advanced Science and Technology,http://sersc.org/journals/index.php/ijast,"2005-4238, 2207-6360","The authentic journal “International Journal of Advanced Science and Technology” was not identified. But the domain http://sersc.org/journals/index.php/ijast is very likely to be a hijacker
  
  This means that in tracing the source for a potential hijacking journal, the information is clear that the hijacked journal is mimicking another journal, but it is unclear if the mimicked journal (i.e., journal listed in the Original Journal column) is indeed the original source or is itself a hijacked journal from yet another undetermined original source.",2005-4238,
164,International Journal of Biology and Biomedical Engineering,http://ijdri.com/ijbbe/home/,1998-4510,International journal of biology and biomedical engineering,1998-4510,
165,International Journal of Central Banking,https://ijocb.org/,1815-4654,International Journal of Central Banking,1815-4654,https://www.ijcb.org/
166,International Journal of Control and Automation,http://sersc.org/journals/index.php/ijca,2005-4297,"The authentic journal “International Journal of Control and Automation” was not identified. But the domain http://sersc.org/journals/index.php/ijca is very likely to be a hijacker. ISSN portal indicates sersc.org as a website of a journal. But the indexed content in Web of Science doesn't correspond to the published papers on the website 
  
  This means that in tracing the source for a potential hijacking journal, the information is clear that the hijacked journal is mimicking another journal, but it is unclear if the mimicked journal (i.e., journal listed in the Original Journal column) is indeed the original source or is itself a hijacked journal from yet another undetermined original source.",2207-6387,
167,International Journal of Disaster Recovery and Business Continuity,http://sersc.org/journals/index.php/IJDRBC/,"2005-4289, 2207-8363","The authentic journal “International Journal of Disaster Recovery and Business Continuity” was not identified. But the domain sersc.org/journals/index.php/IJDRBC/ is very likely to be a hijacker. ISSN portal indicates sersc.org as a website of a journal with ISSN 2207-8363. According to ISSN Portal this ISSN 2207-8363 is not linked to ISSN 2005-4289. The indexed content in Web of Science doesn't correspond to the published papers on the website http://sersc.org/journals/index.php/IJDRBC/
  
  This means that in tracing the source for a potential hijacking journal, the information is clear that the hijacked journal is mimicking another journal, but it is unclear if the mimicked journal (i.e., journal listed in the Original Journal column) is indeed the original source or is itself a hijacked journal from yet another undetermined original source.","2005-4289, 2207-6425",
168,International Journal of Information and Computing Science,http://ijics.com/,0972-1347,International Journal of Information and Computing Science,0972-1347,
169,International Journal of Innovation Studies,https://ijistudies.com/index.php/ijis,2096-2487,International journal of innovation studies,2096-2487; 2589-2975,https://www.keaipublishing.com/en/journals/international-journal-of-innovation-studies/
170,International Journal of Innovative Research & Studies,http://ijirs.in/,2319-9725,International Journal of Innovative Research and Studies,2319-9725,
171,International Journal of Interdisciplinary Environmental Studies,https://ijiesjournal.com/,2329-1621,International Journal of Interdisciplinary Environmental Studies,"2329-1559, 2329-1621",
172,"International journal of gender, science and technology",https://ijgst.com/,2040-0748,"International journal of gender, science and technology",2040-0748,https://genderandset.open.ac.uk/index.php/genderandset/about
173,International Journal of Latin-American Religions,https://springer.nyc/articles/10.1007/s41603-022-86954-7/,2509-9965,International Journal of Latin-American Religions,2509-9965,https://link.springer.com/journal/41603
174,"International Journal of Management, Technology and Engineering",http://www.ijamtes.org/,2249-7455,International Journal of Advances in Management Technology and Engineering Sciences,2249-7455,
175,International Journal of Medical Science,https://medsci.in/,1449-1907,International Journal of Medical Sciences,1449-1907,https://www.medsci.org/
176,International Journal of Multicultural Education,https://ijmejournal.org/ijme/index.php/ijme/index.html,n/a,International Journal of Multicultural Education,1934-5267,
177,International Journal of Research,http://ijrpublisher.com/,2236-6124,International Journal of Research,2236-6124,
178,International Journal of Scientific Research and Review,http://www.dynamicpublisher.org/,2279-543X,"Les Cahiers de Chiasmi International (2279-543X), International Journal of Scientific Research and Reviews (2279-0543)","2279-543X, 2279-0543",
179,International Journal of Scientific Research and Review,http://www.ijsrr.co.in/,2279-543X,"Les Cahiers de Chiasmi International (2279-543X), International Journal of Scientific Research and Reviews (2279-0543)","2279-543X, 2279-0543",
180,International Journal of Special Education,https://www.internationaljournalofspecialeducation.com/,0827-3383,International Journal of Special Education,"0827-3383, 1917-7844",
181,International Medical Journal,https://www.seronijihou.com/,1341-2051,International Medical Journal,1341-2051,
182,International Neurourology Journal,http://einj.net/index.php/INJ,2093-4777; 2093-6931,International Neurourology Journal,2093-4777; 2093-6931,
183,Interventional pulmonology,https://www.intervpulmonolmiddlet.com/,NLM ID: 9918332988906676,Interventional pulmonology,NLM ID: 9918332988906676,
184,Investigative Ophthalmology&Visual Science,https://iovs.arvojournals.com/article.aspx.articleid=3104905/,"0146-0404, 1552-5783",Investigative Ophthalmology&Visual Science,"0146-0404, 1552-5783",https://iovs.arvojournals.org/
185,Istoriya,https://istoriya.ac/,2079-8784,Istoriya,2079-8784,https://history.jes.su/
186,Istorijski Časopis,https://istorijskicasopis.com/,0350-0802,Istorijski časopis,0350-0802,https://www.iib.ac.rs/istorijskicasopis/index.html
187,Ion Exchange and Adsorption,https://www.lzjhyxf.cn/,1001-5493,Lizi Jiaohuan Yu Xifu/Ion Exchange and Adsorption,1001-5493,
188,JAC: A Journal of Composition Theory,http://www.jctjournal.com/,0731-6755,Journal of Composition Theory,0731-6755,https://probiologists.com/Journal/Contact/Interventional-Pulmonology
189,JAC: A Journal of Composition Theory,https://jctjournal.org/,0731-6755,Journal of Composition Theory,0731-6755,https://probiologists.com/Journal/Contact/Interventional-Pulmonology
190,JAMA Ophthalmology,https://jamanetwork.international/journals/jamaophthalmology/fullarticle/97106/,"2168-6165, 2168-6173",JAMA Ophthalmology,"2168-6165, 2168-6173",https://jamanetwork.com/journals/jamaophthalmology
191,Jianzhu Jiegou Xuebao/Journal of Building Structures,https://www.jjx-jbs-10006869.com/,1000-6869,Jianzhu Jiegou Xuebao/Journal of Building Structures,1000-6869,
192,Jilin Daxue Xuebao (Gongxueban)/Journal of Jilin University (Engineering and Technology Edition),https://jilindaxuexuebao.com,1671-5497,Journal of Jilin University(Engineering and Technology Edition),1671-5497,
193,JJM,https://www.jjmicrobiol.com/index.php/jjm,n/a,Jundishapur Journal of Microbiology,"2008-3645, 2008-4161",https://brieflands.com/journals/jundishapur-journal-of-microbiology
194,Jökull journal,http://www.jokulljournal.com/,0449-0576,Jökull,0449-0576,
195,Journal of Academic Leadership,https://www.academicleadership.org/,1533-7812,Academic Leadership,1533-7812,
196,Journal for Advanced Research in Applied Sciences,http://iaetsdjaras.org/,2394-8442,Journal for Advanced Research in Applied Sciences,2394-8442,
197,Journal For Basic Sciences/Fangzhi Gaoxiao Jichukexue Xuebao,https://fzgxjckxxb.com/,1006-8341,Basic Sciences Journal of Textile Universities/Fangzhi Gaoxiao Jichukexue Xuebao,1006-8341,
198,Journal For Basic Sciences/Fangzhi Gaoxiao Jichukexue Xuebao,https://fzgxjckxxb.org/,1006-8341,Basic Sciences Journal of Textile Universities/Fangzhi Gaoxiao Jichukexue Xuebao,1006-8341,
199,Journal of Academic Ethics,https://jae.revistas-csic.com/index.php/Jorunal,"1570-1727, 1572-8544",Journal of Academic Ethics,"1570-1727, 1572-8544",https://link.springer.com/journal/10805
200,Journal of Advances in Science and Technology of Water Resources,https://japcs.net/,1006-7647,Advances in Science and Technology of Water Resources,1006-7647,
201,Journal of Aeronautical Materials,https://www.hkclxb.cn/,1005-5053,Hangkong Cailiao Xuebao/Journal of Aeronautical Materials,1005-5053,http://jam.biam.ac.cn/
202,Journal of Applied Science and Computations,http://j-asc.com/,1076-5131,Journal of Applied Science & Computations,1076-5131,
203,Journal of Applied Science and Computations,https://j-asc.org/,1076-5131,Journal of Applied Science & Computations,1076-5131,
204,Journal of Beijing University of Posts And Telecommunications,https://journalbupt.com/,1007-5321,Beijing Youdian Daxue xuebao,1007-5321,
205,Journal of Biomedical Engineering,http://www.swyxgcx.cn/index.php/jbme,1001-5515,Shengwu Yixue Gongchengxue Zazhi/Journal of Biomedical Engineering,1001-5515,
206,Journal of Chemical Health Risks,https://jchr.org,2251-6719,Journal of Chemical Health Risks,"2251-6719, 2251-6727",https://jchr.damghan.iau.ir/
207,Journal of Chengdu University of Technology (Science and Technology Edition),http://cdujournal.com/,1671-9727,Journal of Chengdu University of Technology (Science and Technology Edition),1671-9727,
208,"Journal of clinical otorhinolaryngology, head, and neck surgery",www.lcebyhkzz.cn,1001-1781,"Journal of clinical otorhinolaryngology, head, and neck surgery (Lin chuang er bi yan hou tou jing wai ke za zhi)",1001-1781,https://caod.oriprobe.com/journals/lcebyhkzz/Journal_of_Clinical_Otorhinolaryngology_Head_and_Neck_Surgery.htm
209,Journal of Communications,https://jocs.review/,1000-436X,Tongxin Xuebao/Journal on Communications,1000-436X,
210,Journal of Computational Information Systems,http://jofcis.org/,1553-9105,Journal of Computational Information Systems,1553-9105,
211,Journal of Computer Science,https://computersciencejournal.org/,1549-3636,Journal of Computer Science,1549-3636,
212,Journal of Cyber Security,https://journalcybersecurity.com/,2096-1146,Journal of Cyber Security,2096-1146,
213,"Journal of Dalian University of Technology
",https://jdut.net,1000-8608,"Dalian Ligong Daxue xuebao/Journal of Dalian University of Technology
",1000-8608,http://dllgdx.ijournals.cn/ch/index.aspx
214,"Journal of Dalian University of Technology
",https://jdut.org/,1000-8608,"Dalian Ligong Daxue xuebao/Journal of Dalian University of Technology
",1000-8608,http://dllgdx.ijournals.cn/ch/index.aspx
215,Journal of Data Acquisition and Processing,http://www.sjcjycl.cn/,1004-9037,Journal of Data Acquisition and Processing/Shu Ju Cai Ji Yu Chu Li,1004-9037,
216,Journal of Digital Economy,https://journalofdigitaleconomy.com/index.php/JDE,2773-0670,Journal of Digital Economy,2773-0670,"https://www.keaipublishing.com/en/journals/journal-of-digital-economy/, https://www.sciencedirect.com/journal/journal-of-digital-economy"
217,Journal of Dynamics and Control,https://jodac.org/,1672-6553,Journal of Dynamics and Control,1672-6553,http://dlxykzxb.cnjournals.net/jdcen/home
218,Journal of East China University of Science and Technology,http://hdlgdxxb.info/index.php/JE_CUST,1006-3080,Huadong Ligong Daxue Xuebao /Journal of East China University of Science and Technology,1006-3080,
219,Journal of Electrical Engineering,https://publisherjee.com/,2095-9524,Journal of Electrical Engineering,2095-9524,https://www.jgcm.ac.cn/dqgcxb/about-journal-en
220,Journal of Electronics and Information Technology,https://journaleit.org/,1009-5896,Dianzi Yu Xinxi Xuebao/Journal of Electronics and Information Technology,1009-5896,
221,Journal of Engineering and Technology Management,https://jet-m.com/,0923-4748,Journal of Engineering and Technology Management,0923-4748; 1879-1719,
222,Journal of Engineering Sciences,https://jespublication.com/index.php,0377-9254,Journal of engineering sciences,0377-9254,"Original journal has ceased publication, Continued as:Journal of King Saud University - Engineering Sciences"
223,Journal of Engineering Technology,www.joetsite.com,n/a,Journal of Engineering Technology,0747-9964,
224,"Journal of Engineering, Computing and Architecture",http://www.journaleca.com/,1934-7197,"The Journal of Engineering, Computing and Architecture",1934-7197,
225,Journal of Functional Materials,https://journaloffunctionalmaterials.com/,1001-9731,Journal of functional materials/ Gongneng cailiao,1001-9731,https://www.gncl.cn/EN/home
226,Journal of Harbin Engineering University,https://harbinengineeringjournal.com/index.php/journal,1006-7043,Harbin Gongcheng Daxue Xuebao/Journal of Harbin Engineering University,1006-7043,
227,Journal of Huazhong University of Science and Technology,http://hxstxxjns.asia/,1671-4512,Huazhong Keji Daxue Xuebao/ Journal of Huazhong University of Science and Technology,1671-4512,
228,Journal of Huazhong University of Science and Technology,http://hustjournal.com/,1671-4512,Journal of Huazhong University of Science and Technology (Natural Science Edition),1671-4512,
229,Journal of Hunan University Natural Sciences,http://jonuns.com,1674-2974,Hunan Daxue Xuebao/Journal of Hunan University Natural Sciences,1674-2974,
230,Journal of Hunan University Natural Sciences,https://johuns.net/,1674-2974,Hunan Daxue Xuebao/Journal of Hunan University Natural Sciences,1674-2974,
231,Journal of Information and Computational Science,http://www.joics.org/,1548-7741,Journal of Information and Computational Science,1548-7741,
232,Journal of Information and Computational Science,http://www.joics.net/,1548-7741,Journal of Information and Computational Science,1548-7741,
233,Journal of Information and Computational Science,https://joics.eu/,1548-7741,Journal of Information and Computational Science,1548-7741,
234,Journal of Informetrics,https://journalinformetrics.com/,1875-5879,Journal of Informetrics,"1751-1577, 1875-5879",https://www.sciencedirect.com/journal/journal-of-informetrics
235,Journal of Interdisciplinary Cycle Research,http://www.jicrjournal.com/,0022-1945,Journal of Interdisciplinary Cycle Research (till 1993),0022-1945,
236,Journal of International Management,https://imjournal.org/,1075-4253,Journal of International Management,1075-4253,https://www.sciencedirect.com/journal/journal-of-international-management
237,Journal of Korean Academy of Psychiatric and Mental Health Nursing,https://mhnursing.or.kr/index.php/JKPMHN,"1225-8482, 2288-4653",Journal of Korean Academy of Psychiatric and Mental Health Nursing,1225-8482. 2288-4653,https://jkpmhn.org/
238,Journal of Molecular Science,https://www.jmolecularsci.com/,1000-9035,Journal of Molecular Science/Fenzi Kexue xuebao,1000-9035,https://www.fzkxxbzz.cn/
239,Journal of Natural Remedies,https://jnronline.com/,2320-3358,Journal of Natural Remedies,"0972-5547, 2320-3358",
240,Journal of New Zealand studies,journalofnewzealandstudies.com,2324-3740,Journal of New Zealand Studies,2324-3740,
241,Journal of Northeastern University,http://dbdxxb.cn/,1005-3026,Journal of Northeastern University,1005-3026,
242,Journal of Optoelectronics Laser,"http://www.gdzjg.org/index.php/JOL, www.gdzjg.cn",1005-0086,Guangdianzi Jiguang/Journal of Optoelectronics Laser,1005-0086,
243,Journal of Optoelectronics Laser,https://gdzjg.net/,1005-0086,Guangdianzi Jiguang/Journal of Optoelectronics Laser,1005-0086,
244,Journal of Pharmaceutical Analysis,https://journalofpharmaceuticalanalysis.com/index.php/jpa/index,2095-1779,Journal of Pharmaceutical Analysis,2095-1779,
245,Journal of Philanthropy and Marketing,https://journalofphilanthropyandmarketing.com/,2691-1361,Journal of Philanthropy and Marketing,2691-1361,https://onlinelibrary.wiley.com/journal/26911361
246,Journal of Productivity Management,https://journalpm.com/,1868-8519,Productivity Management,1868-8519,
247,Journal of Primary Health Care,https://jophc.com/,1172-6156,Journal of Primary Health Care,1172-6156,https://www.publish.csiro.au/hc
248,Journal of Rare Cardiovascular Diseases,"https://jrcdonline.org/
",2299-3711. 2300-5505,Journal of Rare Cardiovascular Diseases,"2299-3711, 2300-5505",https://jrcd.eu/
249,Journal of Research Administration,https://journalra.org/index.php/jra/,1539-1590; 2573-7104,Journal of Research Administration,2573-7104,https://www.srainternational.org/resources/journal
250,Journal of Research on the Lepidoptera,https://lepidopteraresearchfoundation.org/ (re-registration of the original domain),"0022-4324, 2156-5457",Journal of Research on the Lepidoptera,"0022-4324, 2156-5457",
251,JOURNAL OF RESOURCE MANAGEMENT AND TECHNOLOGY,https://jrmat.com/,0745-6999,The Journal of resource management and technology.,0745-6999,
252,Journal of Psychology (English),https://journalofpsychologyenglish.com/,"2190-8370, 2151-2604",Zeitschrift für Psychologie,"2190-8370, 2151-2604",
253,Journal of Scientific Computing,http://jscglobal.org/,1524-2560,Scientific Computing,1524-2560,
254,Journal of Shanghai Jiaotong University,https://shjtdxxb-e.cn/,1007-1172,Journal of Shanghai Jiaotong University,1007-1172,
255,Journal of Shanghai Ocean University,https://journalsou.com/,1674-5566,Journal of Shanghai Ocean University,1674-5566,https://www.shhydxxb.com/
256,Journal of Southwest Jiaotong University,http://jsju.org/index.php/journal/index,0258-2724,Xinan Jiaotong Daxue Xuebao/Journal of Southwest Jiaotong University,0258-2724,
257,"Journal of Systems Engineering and Electronics
",https://jseepublisher.com/,"1671-1793
","Journal of Systems Engineering and Electronics
",1671-1793,https://www.jseepub.com/
258,Journal of Taiyuan University of Technology,https://jtutechnology.com/,1007-9432,Journal of Taiyuan University of Technology/Taiyuan Ligong Daxue xuebao,1007-9432,
259,Journal of Talent Development and Excellence,http://iratde.com,n/a,Talent Development and Excellence,1869-0459,
260,Journal of Technology,https://technologyjournal.net/,1012-3407,Jìshùxué Kān/ Journal of Technology,1012-3407,
261,Journal of Technology,https://journaloftechnology.org/,1012-3407,Jìshùxué Kān/ Journal of Technology,1012-3407,
262,Journal of the Austrian Society of Agricultural Economics,https://www.sagepublisher.com/,"1815-8129, 1815-1027",Journal of the Austrian Society of Agricultural Economics / Jahrbuch der Österreichischen Gesellschaft für Agrarökonomie,"1815-8129, 1815-1027",
263,Journal of the IEST,https://iestjournal.com/,1098-4321,Journal of the IEST,1098-4321,
264,Journal of Transportation Systems Engineering & Information,https://jtseit.com/,1009-6744,Transportation Systems Engineering & Information/Jiaotong yunshu xitong gongcheng yu xinxi.,1009-6744,http://www.tseit.org.cn/CN/1009-6744/home.shtml
265,Journal of Transportation Systems Engineering and Information Technology/Jiaotong Yunshu Xitong Gongcheng Yu Xinxi,https://www.jtseit-10096744.com/,1009-6744,Transportation Systems Engineering & Information/Jiaotong yunshu xitong gongcheng yu xinxi.,1009-6744,http://www.tseit.org.cn/CN/1009-6744/home.shtml
266,Journal of University of Shanghai for Science and Technology,https://jusst.org/,1007-6735,Shanghai Ligong Daxue Xuebao/Journal of University of Shanghai for Science and Technology,1007-6735,
267,Journal of Vibration Engineering,https://jove.science/,1004-4523,Zhendong Gongcheng Xuebao/Journal of Vibration Engineering,1004-4523,
268,Journal of Xi'an University of Architecture & Technology,http://www.xajzkjdx.cn/,1006-7930,Xi'an Jianzhu Ke-Ji Daxue xuebao/Journal of Xi'an University of Architecture & Technology,1006-7930,
269,"Journal of Xi’an Shiyou University, Natural Science Edition",https://www.xisdxjxsu.asia/,1673-064X,"Xi'an Shiyou Daxue Xuebao (Ziran Kexue Ban)/Journal of Xi'an Shiyou University, Natural Sciences Edition",1673-064X,
270,"Journal of Xi’an Shiyou University, Natural Science Edition",https://xianshiyoudaxuexuebao.com/,1673-064X,"Xi'an Shiyou Daxue Xuebao (Ziran Kexue Ban)/Journal of Xi'an Shiyou University, Natural Sciences Edition",1673-064X,
271,Journal of Xidian University,http://xadzkjdx.cn/,1001-2400,Xi'an Dianzi Keji Daxue xuebao/Journal of Xidian University,1001-2400,
272,JSU Science and Engineering,https://jsuscienceandengineering.net/,1000-2618,Journal of Shenzhen University Science and Engineering/Shenzhen Daxue xuebao. Ligong ban,1000-2618,
273,JZU Natural Science Edition,https://naturalscience.fyi/,1671-6841,Journal of Zhengzhou University - Natural Science,1671-6841,https://zzdze.cbpt.cnki.net/portal
274,Journal of Zhengzhou University-Natural Science Edition,https://naturalscience.pro/,1671-6841,Journal of Zhengzhou University - Natural Science,1671-6841,https://zzdze.cbpt.cnki.net/portal
275,Journal of Zhengzhou University - Natural Science,https://www.zhengzhou-journal.com/,1671-6841,Journal of Zhengzhou University - Natural Science,1671-6841,
276,Haut,https://hautpeerreview.top/,0938-2216,Haut,0938-2216,
277,Haut,https://hautpeerreview.org/,0938-2216,Haut,0938-2216,
278,Kepes,https://scholopress.com/kepes-journal,1794-7111,Kepes,1794-7111,https://revistasojs.ucaldas.edu.co/index.php/kepes
279,Kesmas Jurnal Kesehatan Masyarakat Nasional,https://revistakesmas.com/,1907-7505,Kesmas: Jurnal Kesehatan Masyarakat Nasional,1907-7505,https://scholarhub.ui.ac.id/kesmas/
280,Kexue Tongbao/Chinese Science Bulletin,https://www.kexuetongbao-csb.com/,"0023-074X, 2095-9419",Kexue Tongbao/Chinese Science Bulletin,"0023-074X,  2095-9419",https://www.sciengine.com/CSB/home
281,Korean Journal of Physiology & Pharmacology,http://kjppor.com/index.php/kjpp/index,"1226-4512, 2093-3827",Korean Journal of Physiology & Pharmacology,"2093-3827, 1226-4512",https://www.kjpp.net/main.html
282,Kronika journal,https://kronika.ac/,0023-4923,Kronika,0023-4923,
283,Lampyrid journal,www.lampyridjournal.com,2041-4900,Lampyrid,2041-4900,expired domain
284,Language Sciences,https://sciencedirects.com/science/article/pii/tpatpussimcl.php,0388-0001,Language Sciences,0388-0001,https://www.sciencedirect.com/journal/language-sciences
285,La Prensa Medica Argentina,https://www.scitechnol.com/la-prensa-medica.php,0032-745X,Prensa Medica Argentina,0032-745X,
286,Latin American Journal of Pharmacy,http://actafarmbonaerense.com.ar/index.php/latamjpharm,0326-2383,Latin American Journal of Pharmacy,0326-2383,
287,Lejana Journal,https://lejana.ac/,2061-6678,Lejana,2061-6678,
288,LEVANT Journal,https://levantjournal.org/,1756-3801,Levant,"0075-8914, 1756-3801",
289,Liberte,https://liberteresearch.org/,0024-2020,Liberte,0024-2020,https://revueliberte.ca/
290,Linguistica Antverpiensia,https://www.hivt.be/linguistica,n/a,"Linguistica Antverpiensia, Linguistica Antverpiensia, New Series","0304-2294, 2295-5739",
291,"Linguistica Antverpiensia, New Series – Themes in Translation Studies",http://upa-editions.com/index.php/LANS-TTS/issue/view/22,n/a,"Linguistica Antverpiensia, New Series – Themes in Translation Studies",2295-5739,
292,Lino journal,http://linojournal.com/,0211-2574,Lino,0211-2574,
293,Lotus International Journal,https://lotusinternational.ac/,1124-9064,Lotus International,1124-9064,
294,Machine Intelligence Research,https://machineintelligenceresearch.com/,"2153-182X, 2153-1838",Machine Intelligence Research,"2731-538X, 2731-5398",https://link.springer.com/journal/11633
295,Maydica,https://maydica.com/,0025-6153,Maydica,0025-6153,https://journals-crea.4science.it/index.php/maydica
296,Medical Journal of Wuhan University,https://www.wuhanuniversityjournal.com/,1671-8852,Medical Journal of Wuhan University,1671-8852,
297,Medicina Katastrof,https://www.medicina-katastrof.com/,"2070-1004, 2686-7966",Medicina katastrof,"2070-1004, 2686-7966",
298,METSZET JOURNAL,https://metszetjournal.com/,2061-2710,Metszet,2061-2710,
299,Mitteilungen Klosterneuburg,http://www.mitt-klosterneuburg.com/,0007-5922,Mitteilungen Klosterneuburg,0007-5922,
300,Moenia,https://moenia.net/,1137-2346,Moenia,1137-2346. 2340-003X,https://revistas.usc.gal/index.php/moenia
301,Mukt Shabd Journal,http://shabdbooks.com/,2347-3150,Mukt Shabd,2347-3150,
302,Multicultural Education,ijdri.com/me,"1064678X, 1016-1844,1068-3844",Multicultural Education,1068-3844,
303,Musik in Bayern,https://www.musikinbayern.com/,0937-583X,Musik in Bayern,0937-583X,jahrbuch.gfbm-online.de.
304,Nanobiotechnology Reports,http://nanobiotechnologyreports.org/index.html,2635-1676; 2635-1684,Nanobiotechnology Reports,2635-1676; 2635-1684,https://www.springer.com/journal/12201
305,Natura,http://revistas-academicas.com/natura/index.html,0028-0631,Natura,0028-0631,
306,NATURAL HISTORY,http://naturalhistory-mag.com/,0028-0712,Natural history,0028-0712,
307,New Armenian medical journal,https://www.newarmenianmedicaljournal.com/,1829-0825,New Armenian Medical Journal,1829-0825,
308,New York Journal of Mathematics,https://opensubmissionsystem.com/index.php/nyjm/,1076-9803,New York Journal of Mathematics,1076-9803,https://nyjm.albany.edu/
309,"Neuropsychopharmacologia Hungarica
",https://neuropsychopharmacologiahungarica.com/index.php/NPPH,1419-8711,"Neuropsychopharmacologia Hungarica
",1419-8711,
310,Novyi Mir Research Journal,https://www.novyimir.net/,0130-7673,Novyi Mir,0130-7673,https://nm1925.ru/
311,Novyi Mir Research Journal,https://novyimir.eu/,0130-7673,Novyi Mir,0130-7673,https://nm1925.ru/
312,OD PUBLISHER JOURNAL (Organization Development Journal),https://odpublisher.com/,"0889-6402
",Organization development journal,0889-6402,
313,Oeconomia,https://oeconomiajournal.com/index.php/view,2269-8450,Oeconomia,"2113-5207, 2269-8450",https://journals.openedition.org/oeconomia/?lang=en
314,Oeconomia Copernicana,https://oeconomiacopernicana.com/,2083-1277,Oeconomia Copernicana,2083-1277,
315,Oeil Research Journal,https://oeilresearch.com/,0029-862X,Oeil,0029-862X,https://www.lejournaldesarts.fr/editions/loeil
316,Onomazein,http://www.onomazein.com/index.php/onom/,0718-5758,Onomazein,0717-1285; 0718-5758,
317,Open Nano Research Journal,https://opennano.life/,2352-9520,OpenNano,2352-9520,https://www.sciencedirect.com/journal/opennano
318,Ophthalmology,https://sciencedirects.com/article/239493.7831/coBAbNakKCuPHRfSpa6-21-y.php,"0161-6420, 1549-4713",Ophthalmology,"0161-6420, 1549-4713",https://www.sciencedirect.com/journal/ophthalmology
319,Optical Technique Journal,https://opticaltechnique.com/,1002-1582,Guangxue Jishu/Optical Technique,1002-1582,
320,Oriental Studies,https://orientalstudies.ac/,2619-0990,Oriental Studies,"2619-0990, 2619-1008",
321,Origini,https://originijournal.com/,0474-6805,Origini,0474-6805,
322,Paideuma Journal of Research,http://paideumajournal.com/,0090-5674,Paideuma,0090-5674,
323,Paideuma Journal of Research,https://paideumajournal.org/,0090-5674,Paideuma,0090-5674,
324,Pakistan Heart Journal,https://pkheartjournal.com/,"0048-2706, 2227-9199",Pakistan Heart Journal,"0048-2706, 2227-9199",https://pakheartjournal.com/index.php/pk/AGRA
325,Parishodh Journal,http://www.parishodhpu.com/,2347-6648,Parishodh,2347-6648,
326,Parishodh Journal,https://parishodhpu.net/,2347-6648,Parishodh,2347-6648,
327,PalArch's Journal of Archaeology of Egypt/ Egyptology,https://archives.palarch.nl/index.php/jae,1567-214X,PalArch's Journal of Archaeology of Egypt/Egyptology,1567-214X,
328,PalArch’s Journal of Vertebrate Palaeontology,https://archives.palarch.nl/index.php/jvp,n/a,PalArch's journal of vertebrate palaeontology,1567-2158,
329,Pensee,https://penseeresearch.com/,0031-4773,La Pensée,0031-4773,
330,Pensee,penseejournal.com,0031-4773,La Pensée,0031-4773,
331,Periodico di Mineralogia,https://periodicodimineralogia.it/,0369-8963,Periodico di Mineralogia,"0369-8963, 2239-1002",https://rosa.uniroma1.it/rosa04/periodico_di_mineralogia/about
332,Periodico di Mineralogia,https://periodicodimineralogia.com/,0369-8963,Periodico di Mineralogia,"0369-8963, 2239-1002",https://rosa.uniroma1.it/rosa04/periodico_di_mineralogia/about
333,PEUCE JOURNAL,https://peucejournal.com/,0258-8102,Peuce,0258-8102,
334,Philip Roth Studies,https://philiprothstudies.org/,1547-3929,Philip Roth Studies,"15473929, 19405278",https://muse.jhu.edu/journal/503
335,Philosophical readings,https://philosophicalreadings.org/,2036-4989,Philosophical readings,2036-4989,
336,"Plasma Science and Technology
",https://dlztkxyjs-e.cn/index.php/pst/index,1009-0630,"Plasma Science and Technology
","1009-0630, 2058-6272",http://pst.hfcas.ac.cn/
337,Polish Polar Research,https://www.polishpolar.com/,0138-0338,Polish Polar Research,0138-0338,
338,Polski Merkuriusz Lekarski,https://polmerklek.pl/index.php/PML,1426-9686,Polski Merkuriusz Lekarski,1426-9686,https://polskimerkuriuszlekarski.pl/
339,Ponte journal,www.pontejournal.net,0032-423X; 2694-4839 (its own registered ISSN),Il Ponte,0032-423X,https://ilponterivista.com/
340,Ponte journal,www.pontejournal.org,0032-423X; 2694-4839 (its own registered ISSN),Il Ponte,0032-423X,https://ilponterivista.com/
341,Ponte journal,www.pontejournal.com,0032-423X; 2694-4839 (its own registered ISSN),Il Ponte,0032-423X,https://ilponterivista.com/
342,Ponte,www.pontejournal.online,0032-423X,Il Ponte,0032-423X,https://ilponterivista.com/
343,Positif review,http://positifreview.com/,0048-4911,Positif,0048-4911,
344,Positif review,https://positifreview.org/,0048-4911,Positif,0048-4911,
345,Power System Protection and Control,https://pspac.info/index.php/dlbh/about,1674-3415,Dianli Xitong Baohu yu Kongzhi/Power System Protection and Control,1674-3415,https://www.chndoi.org/Resolution/Handler?doi=10.19783/j.cnki.pspc.241397
346,Power System Technology,https://powertechjournal.com/index.php/journal,1000-3673,Dianwang Jishu/Power System Technology,1000-3673,https://sns.wanfangdata.com.cn/sns/perio/dwjs
347,Power System Technology,https://www.pst-journal.org,1000-3673,Dianwang Jishu/Power System Technology,1000-3673,https://sns.wanfangdata.com.cn/sns/perio/dwjs
348,Pramana Research Journal,https://www.pramanaresearch.org/,2249-2976,Parmana Research Journal,2249-2976,
349,Praxis Science and Technology Journal,http://praxisonline.org/,0369-8394,Praxis,0369-8394,
350,Preslia journal,https://presliajournal.com/,0032-7786,Preslia,0032-7786,https://preslia.cz
351,Proceedings of the National Academy of Sciences,https://www.pnas.co.uk/index.php/pnas,n/a,Proceedings of the National Academy of Sciences of the United States of America,"0027-8424, 1091-6490",https://www.pnas.org/
352,Proteus Journal,http://proteusresearch.org/,0889-6348,Proteus,0889-6348,
353,Psychology and Education,http://psychologyandeducation.net/pae/index.php/pae,1553-6939,Psychology and Education,1553-6939,
354,Publishing & Printing Journal,https://ppjournal.org/,1007-1938,Publishing and printing,1007-1938,
355,Quaderns,https://quaderns.net/,1138-5790,Quaderns,1138-5790,https://www.raco.cat/index.php/QuadernsTraduccio
356,"Qualitative Research
",https://qualitativeresearchjournal.com/index.php/view,1468-7941,"Qualitative Research
","1468-7941, 1741-3109",https://journals.sagepub.com/home/QRJ
357,Research,https://researchsci.net/,2639-5274,Research,2639-5274; 2096-5168,
358,Research Journal of Chemistry and Environment,https://www.worldsresearchassociation.com/,0972-0626,Research Journal of Chemistry and Environment,0972-0626,https://worldresearchersassociations.com/chemistryhome.aspx
359,Resources and Environment in the Yangtze Basin,https://www.clzyhreyv-10048227.com/,1004-8227,Resources and Environment in the Yangtze Basin,1004-8227,
360,Revista de Educación,https://revistaeducacion.org/,0034-8082,Revista de educación,0034-8082,
361,Revista Kasmera,www.kasmerajournal.com,0075-5222,Kasmera,0075-5222,
362,Rivista Italiana di Filosofia Analitica Junior,https://rifanalitica.it/index.php/journal,2037-4445,Rivista Italiana di Filosofia Analitica Junior,2037-4445,https://riviste.unimi.it/index.php/rifanalitica/index;  journal ceased its publication
363,Rock and Soil Mechanics,http://rockandsoilmechanics.com/index.shtml,1000-7598,Yantu Lixue/Rock and Soil Mechanics,1000-7598,http://ytlx.whrsm.ac.cn/CN/1000-7598/home.shtml
364,RUNDSCHAU,https://dlr-journal.com/,0012-0413,Deutsche Lebensmittel-Rundschau (DLR),0012-0413,
365,Russian Law Journal,https://russianlawjournal.org/index.php/journal,"2309-8678, 2312-3605",Russian Law Journal,"2309-8678, 2312-3605",expired domain
366,"Salud, Ciencia Y Tecnologia",https://www.salud-ciencia-ytecnologia.com/,2796-9711,"Salud, Ciencia Y Tecnologia",2796-9711,https://sct.ageditor.ar/index.php/sct
367,Sammelan Patrika,https://sammelanpatrika.in/,2278-1773,Sammelan patrika,2278-1773,
368,Sapporo Medical Journal,https://www.maejournal.com/,0036-472X,Sapporo Medical Journal,0036472X,
369,Scandia,http://scandia.lub.lu-se.org/,0036-5483,Scandia,0036-5483,
370,Scandinavian Journal of Information Systems,http://sjisscandinavian-iris.com/,"0905-0167, 1901-0990",Scandinavian Journal of Information Systems,"0905-0167, 1901-0990",
371,Science and Engineering Journal,https://saejournal.com/,0103-944X,Ciência & Engenharia/Science and Engineering Journal,0103-944X,
372,"Science, Technology and Development Multidisciplinary Journal",http://journalstd.com/,0950-0707,"Science, Technology& Development",0950-0707,
373,"Science, Technology and Development Multidisciplinary Journal",https://journalstd.net/,0950-0707,"Science, Technology& Development",0950-0707,
374,Sciences of Conservation and Archaeology,https://sci-arch.org/index.php/wwbhen,1005-1538,Sciences of Conservation and Archaeology,1005-1538,
375,Scientific Culture,https://sci-cult.org/,2408-007; 2407-9529,Scientific Culture,2407-9529; 2408-0071,
376,Scope,https://scope-journal.com/,"1177-5653 , 1177-5661",Scope. Art,"1177-5661, 1177-5653",https://thescopes.org/journal/
377,Semiconductor Optoelectronics,https://www.bdtgd.cn/,1001-5868,Bandaoti Guangdian/Semiconductor Optoelectronics,1001-5868,
378,Seybold Report,https://seyboldjournal.com,1533-9211,Seybold Report,1533-9211,http://seyboldreport.media/
379,Seybold Report,seybold-report.com,1533-9211,Seybold Report,1533-9211,http://seyboldreport.media/
380,Seybold Report,seyboldreport.org,1533-9211,Seybold Report,1533-9211,http://seyboldreport.media/
381,Seybold Report,seyboldreports.org,1533-9211,Seybold Report,1533-9211,http://seyboldreport.media/
382,Seybold Report,seyboldreport.net,1533-9211,Seybold Report,1533-9211,http://seyboldreport.media/
383,Seybold Report,https://seyboldpublications.com/,1533-9211,Seybold Report,1533-9211,http://seyboldreport.media/
384,Shenyang Jianzhu Daxue Xuebao (Ziran Kexue Ban)/Journal of Shenyang Jianzhu University (Natural Science),https://www.syjzgcxyxbperiodicals.net/,1671-2021,Shenyang Jianzhu Daxue Xuebao (Ziran Kexue Ban)/Journal of Shenyang Jianzhu University (Natural Science),1671-2021,
385,Sibirskiy Psikhologicheskiy Zhurnal,https://www.sibirskiy-psikhologicheskiy.com/,"1726-7080, 2411-0809",Sibirskij psihologičeskij žurnal,"1726-7080, 2411-0809",https://journals.tsu.ru//psychology/
386,Skin Research,https://skinresearch-journal.com/,"1347-1813, 1883-9614",Hifu no kagaku,"1347-1813, 1883-9614",https://www.jstage.jst.go.jp/browse/skinresearch/-char/en
387,Social Evolution and History,https://socialevolutionhistory.com/,1681-4363,Social Evolution and History,1681-4363,
388,Social Science Forum Journal,https://druzboslovne-razprave.org/,"0352-3608, 1581-968X",Social Science Forum,"0352-3608, 1581-968X",https://www.sociolosko-drustvo.si/druzboslovne-razprave/
389,Socio Economic Challenges,https://socioeconomicchallenges.com/index.php/SEC,2520-6214; 2520-6621,SocioEconomic Challenges,2520-6214; 2520-6621,https://armgpublishing.com/journals/sec/
390,Sotsiologicheskiy Zhurnal,https://www.sotsiologicheskiyzhurnal.com/,"1562-2495, 1684-1581",Sotsiologicheskiy Zhurnal,"1562-2495, 1684-1581",https://www.journal-socjournal.ru/index.php/socjour
391,Solid State Technology,https://www.solidstatetechnology.us/,0038-111X,Solid State Technology,0038-111X,
392,"Solovyov Studies ISPU Journal 
",https://solovyov-studiesispu.com/,2076-9210,Solovʹevskie issledovaniya,2076-9210,http://solovyov-studies.ispu.ru/en/archive
393,"Solovyov Studies ISPU
",https://solovyov-studiesispu.org/,2076-9210,Solovʹevskie issledovaniya,2076-9210,http://solovyov-studies.ispu.ru/en/archive
394,Specialusis Ugdymas,www.sumc.lt,1392-5369,Specialusis ugdymas / Special education,"1392-5369, 2424-3299",
395,Staps journal,https://stapsjournal.com/,"0247-106X, 1782-1568",Staps,"0247-106X, 1782-1568",https://shs.cairn.info/revue-staps?lang=fr
396,Steps journal/Shagi,https://shagisteps.science/,2412-9410,Steps/Шаги,"2412-9410, 2782-1765",
397,Strad research,http://stradresearch.org/,0039-2049,The Strad,0039-2049,
398,Strad research,https://stradresearch.com/,0039-2049,The Strad,0039-2049,
399,Studi Medievali,https://studimedievali.net/,0391-8467,Studi medievali,0391-8467,
400,Studia Rosenthaliana (Journal for The Study of Research),http://www.jsrpublication.com/,1781-7838,Studia Rosenthaliana,1781-7838,
401,Studies in Science of Science,"https://sciencejournal.re/index.php/studies-in-science-of-science
",1003-2053,Studies in Science of Science,1003-2053,https://kxxyj.magtechjournal.com/kxxyj/CN/1003-2053/home.shtml
402,STUDIES IN SYMBOLIC INTERACTION,http://www.studies-in-symbolicinteraction.com/,0163-2396,Studies in symbolic interaction,0163-2396,
403,Suraj Punj Journal for Multidisciplinary Research,http://www.spjmr.com/,2394-2886,Suraj Punj Journal,2394-2886,
404,Sylwan,http://sylwan.ibles.org,0039-7660,Sylwan,0039-7660,
405,Tagliche Praxis,https://www.taglichepraxis.com/,0494-464X,Tagliche Praxis,0494-464X,
406,Tangence,https://revuetangence.com/index.php/journal,"1710-0305, 1189-4563",Tangence,"1710-0305, 1189-4563",https://tangence.uqar.ca/
407,Tanz,https://tanzj.net/,1869-7720,Tanz,1869-7720,https://www.der-theaterverlag.de/tanz/
408,Tanz,https://tanzresearch.com/,1869-7720,Tanz,1869-7720,https://www.der-theaterverlag.de/tanz/
409,Tec Empresarial,https://revistas.tecac.cr/index.php/tec_empresarial/index.html,1659-2395; 1659-3359,TEC Empresarial,"1659-2395,  1659-3359",
410,Technische Sicherheit,https://technikwissen.eu/,"2191-0073, 1434-9728, 1436-4948",Technische Sicherheit,"1436-4948, 2191-0073",https://www.ingenieur.de/fachmedien/technischesicherheit/
411,Tecnologia y Ciencias del Agua,https://revistatyca-mx.org/,0187-8336; 2007-2422,Tecnologia y Ciencias del Agua,0187-8336; 2007-2422,https://revistatyca.org.mx/index.php/tyca
412,Technology Reports of Kansai University,https://www.kansaiuniversityreports.com/,0453-2198,Technology Reports of Kansai University,0453-2198,
413,Teikyo Medical Journal,https://www.teikyomedicaljournal.com/,0387-5547,Teikyo Medical Journal,0387-5547,
414,Telematique,www.provinciajournal.com,1856-4194,Telematique,1856-4194,
415,Test Engineering & Management,https://testmagzine.biz/,0193-4120,Test Engineering and Management,0193-4120,
416,The International Journal of Analytical and Experimental Modal Analysis,http://www.ijaema.com/,0886-9367,The International Journal of Analytical and Experimental Modal Analysis,0886-9367,
417,The International Journal of Interdisciplinary Organizational Studies,https://cgscholar-organizationalstudies.org/current-issue.html,2324-7657,The International Journal of Interdisciplinary Organizational Studies,"2324-7649, 2324-7657",https://cgscholar.com/bookstore/cgrn/255/274
418,"The International Journal of Learner Diversity and Identities
",https://ijldi-cgrn.com/,2327-2627,The International Journal of Learner Diversity and Identities,"2327-0128,  2327-2627",https://cgscholar.com/bookstore/cgrn/242/247
419,"The International Journal of Science, Mathematics and Technology Learning",https://ijsmtl-cgrn.com/,2327-915X,"The International Journal of Science, Mathematics and Technology Learning","2327-7971, 2327-915X",https://cgscholar.com/bookstore/cgrn/242/252
420,The International Journal of Technologies in Learning,http://ijtl-cgrn.com/,2327-2686,The International Journal of Technologies in Learning,"2327-0144, 2327-2686",https://cgscholar.com/bookstore/cgrn/242/253
421,"The International Journal of Technology, Knowledge, and Society",https://ijotkas.org/index.php/ijotkas,"1832-3669, 2835-0391","The International Journal of Technology, Knowledge, and Society","1832-3669, 2835-0391",https://cgscholar.com/bookstore/cgrn/296/301
422,The Journal Of ZEPHYRUS,https://zephyrusjournal.com/,0514-7336,Zephyrus,0514-7336,
423,The Scientist,https://scientist-labx.com/,0890-3670,The Scientist,0890-3670,https://www.the-scientist.com/
424,The Surgeon,https://sciencedirects.com/science/article/pii/ispafsvhrabsarcss.php,"2405-5840, 1479-666X",The Surgeon,"2405-5840, 1479-666X",https://www.sciencedirect.com/journal/the-surgeon
425,Technische Sicherheit,https://technikwissen.info/,"2191-0073, 1436-4948",Technische Sicherheit,"2191-0073, 1436-4948",https://www.inlibra.com/de/journal/view/issn/2191-0073/articles
426,Theory and Event,https://theoryandevent.org/,2572-6633,Theory & Event,"1092-311X, 2572-6633",
427,Tianjin Daxue Xuebao (Ziran Kexue yu Gongcheng Jishu Ban)/ Journal of Tianjin University Science and Technology,https://tianjindaxuexuebao.com/,0493-2137,Tianjin Daxue Xuebao (Ziran Kexue yu Gongcheng Jishu Ban)/Journal of Tianjin University Science and Technology,0493-2137,
428,Tiedao Xuebao/Journal of the China Railway Society,https://www.tiedaoxuebao-jcrs.com/,1001-8360,Tiedao xuebao/Journal of the China Railway Society,1001-8360,
429,Tierarztilich Praxis,http://tierarztliche.com/,0303-6286,Tierärztliche Praxis,0303-6286,
430,Tobacco Science & Technology,https://www.tobstcn.com/,1002-0961,Tobacco Science and Technology,1002-0861,
431,Tobacco Science & Technology,https://www.tobst-cn.com/,1002-0961,Tobacco Science and Technology,1002-0861,
432,Transylvanian Review,http://transylvanianreviewjournal.org/,n/a,Transylvanian Review,"1221-1249, 1584-9422",
433,Transylvanian Review,http://transylvanianreviewjournal.com,1221-1249,Transylvanian Review,"1221-1249, 1584-9422",
434,Tuijin Jishu/Journal of Propulsion Technology,https://www.propulsiontechjournal.com/,1001-4055,Tuijin Jishu/Journal of Propulsion Technology,1001-4055,
435,Turkish Journal of Computer and Mathematics Education (TURCOMAT),https://turcomat.org/,1309-4653,Turkish Journal of Computer and Mathematics Education,1309-4653,
436,Turkish Journal of Field Crops,http://tarlabitkileridernegi.org/,n/a,Turkish Journal of Field Crops,1301-1111,
437,Turkish Journal of Psychology,http://www.turkpsikolojidergisi.org,1300-4433,Turk Psikoloji Dergisi | Turkish Journal of Psychology,1300-4433,
438,Turkish Journal of Physiotherapy and Rehabilitation,https://turkjphysiotherrehabil.org/,"2651-4451, 2651-446X",Turkish Journal of Physiotherapy and Rehabilitation,"2651-4451, 2651-446X",
439,Turkish Journal of Physiotherapy and Rehabilitation,https://turkjphysiotherrehabill.org/,"2651-4451, 2651-446X",Turkish Journal of Physiotherapy and Rehabilitation,"2651-4451, 2651-446X",
440,UNITEX,https://unitexjournal.net/,1043-7932,UNITEX newsletter,1043-7932,https://www.unitex.be/downloads-43/magazine.html
441,Universal Review,http://universalreview.org/,2277-2723,Universal Review,2277-2723,
442,Utilitas Mathematica,https://utilitasmathematica.com/index.php/Index,0315-3681,Utilitas Mathematica,0315-3681,https://combinatorialpress.com/um/
443,VDI-Z Integrierte Produktion Journal,https://vzipjournal.com/,"0042-1766
",VDI-Z,"0042-1766; 1436-4972
",https://elibrary.vdi-verlag.de/zeitschrift/0042-1766
444,Vegueta,https://vegueta.org/index.html,"1133-598X, 2341-1112",Vegueta,"1133-598X, 2341-1112",
445,Veredas,https://veredasjournal.org/,0874-5102,Veredas,"0874-5102, 2183-816X",
446,Vigyan Prakash Journal,http://lokvigyanparishad.com/,1549-523X,Vijñana prakash (Vigyan prakash),1549-523X,
447,"Vytapeni, Vetrani, Instalace",https://vvijournal.com/,1210-1389,"Vytapeni, Vetrani, Instalace/Journal of Heating, ventilation, sanitation",1210-1389,https://www.stpcr.cz/en/vvi-journal
448,Waffen- und Kostumkunde Journal,https://www.druckhaus-hofmann.de/,0042-9945,Waffen- und Kostümkunde,0042-9945,
449,Waiguo Yuyan yu Wenhua,https://www.waiguoyuyanyuwenhua.com/,2096-4366,Waiguo yuyan yu wenhua/Foreign languages and cultures,2096-4366,
450,Walia,https://waliaj.com/,1026-3861,Walia,0083-7059,
451,Web of Scientist: International Scientific Research Journal,https://wos.academiascience.org/index.php/wos,2776-0979,Web of Scientist: International Scientific Research Journal,2776-0979,https://webofscientist.pubmedia.id/index.php/WebofScientist
452,Women's health issues,https://sciencedirects.com/article/239493.7831/ewhamtiritgmt.php,"1049-3867, 1878-4321",Women's health issues,"1049-3867, 1878-4321",https://www.sciencedirect.com/journal/womens-health-issues
453,World Journal of Surgery,https://worldsurgery.org/,0364-2313,World Journal of Surgery,"0364-2313, 1432-2323",https://onlinelibrary.wiley.com/journal/14322323
454,Wuhan Ligong Daxue Xuebao (Jiaotong Kexue Yu Gongcheng Ban)/Journal of Wuhan University of Technology (Transportation Science and Engineering),https://www.wuhanuniversityoftechnology.com/,2095-3844,Wuhan Ligong Daxue xuebao. Jiaotong kexue yu gongcheng ban/Journal of Wuhan University of Technology,2095-3844,
455,Wulfenia journal,https://www.multidisciplinarywulfenia.org/,1561-882X,Wulfenia,1561-882X,
456,Wutan Huatan Jisuan Jishu,http://www.wthtjsjs.cn/,1001-1749,Wu-tan hua-tan jisuan jishu,1001-1749,
457,"Xi'an Shiyou Daxue Xuebao (Ziran Kexue Ban)/Journal of Xi'an Shiyou University, Natural Sciences Edition",https://xianshiyoudaxuexuebao.com/,1673-064X,"Xi'an Shiyou Daxue Xuebao (Ziran Kexue Ban)/Journal of Xi'an Shiyou University, Natural Sciences Edition",1673-064X,
458,Xiyou Jinshu Cailiao Yu Gongcheng/Rare Metal Materials and Engineering,http://rmmep.org/index.php/rmme,1002-185X,Xiyou Jinshu Cailiao Yu Gongcheng/Rare Metal Materials and Engineering,1002-185X,
459,Yantu Gongcheng Xuebao/Chinese Journal of Geotechnical Engineering,ytgcxb.periodicales.com,n/a,Yantu Gongcheng Xuebao/Chinese Journal of Geotechnical Engineering,1000-4548,
460,Ymer,https://ymerdigital.com/,0044-0477,Ymer,0044-0477,https://ssag.se/publikationer/ymer/
461,Ymer,https://ymerdigital.eu/,0044-0477,Ymer,0044-0477,https://ssag.se/publikationer/ymer/
462,Yaoxue Xuebao,https://www.yaoxuexuebao-05134870.com/,0513-4870,Yaoxue xuebao (Acta Pharmaceutica Sinica),0513-4870,
463,Zeichen Journal,http://www.ezeichen.com/,0932-4747,Zeichen,0932-4747,
464,Zhenkong Kexue yu Jishu Xuebao/Journal of Vacuum Science and Technology,https://www.journalofvacuumscienceandtechnology.com/,"0253-9748, 1672-7126",Zhenkong Kexue yu Jishu Xuebao/Journal of Vacuum Science and Technology,"0253-9748, 1672-7126",
465,Zhonghua er bi yan hou tou jing wai ke za zhi / Chinese journal of otorhinolaryngology head and neck surgery,https://www.dev1.zhebyhk-periodicals-cn.net/,1673-0860,Zhonghua er-bi-yanhou-tou-jing waike zazhi / Chinese Journal of Otorhinolaryngology Head and Neck Surgery,1673-0860,
466,Zhonghua er bi yan hou tou jing wai ke za zhi / Chinese journal of otorhinolaryngology head and neck surgery,https://www.zhebyhk-periodicals-cn.net/,1673-0860,Zhonghua er-bi-yanhou-tou-jing waike zazhi / Chinese Journal of Otorhinolaryngology Head and Neck Surgery,1673-0860,
467,Zhongguo Dianji Gongcheng Xuebao/Proceedings of the Chinese Society of Electrical Engineering,https://www.zdgx-pcsee-02588013.com/,0258-8013,Zhongguo Dianji Gongcheng Xuebao/Proceedings of the Chinese Society of Electrical Engineering,0258-8013,
468,Zhongguo Kuangye Daxue Xuebao/Journal of China University of Mining and Technology,https://zkdx.ch/,1000-1964,Zhongguo Kuangye Daxue Xuebao/Journal of China University of Mining and Technology,1000-1964,
469,Zhongguo Shiyou Daxue Xuebao (Ziran Kexue Ban)/Journal of China University of Petroleum (Edition of Natural Science,https://www.journalofchinauniversityofpetroleum.com/,1673-5005,Zhongguo Shiyou Daxue Xuebao (Ziran Kexue Ban)/Journal of China University of Petroleum (Edition of Natural Science),1673-5005,
470,Zhongguo yi liao qi xie za zhi = Chinese journal of medical instrumentation,https://www.zgylqxzz-periodicals-cn.net/,1671-7104,Zhongguo yi liao qi xie za zhi /Chinese journal of medical instrumentation,1671-7104,https://zgylqxzz.xml-journal.net/index.htm
471,Zhongshan Daxue Xuebao/Acta Scientiarum Natralium Universitatis Sunyatseni/Asnus,https://www.zdx-asnus-20970137.com/,2097-0137,Zhongshan Daxue Xuebao/Acta Scientiarum Natralium Universitatis Sunyatseni,2097-0137,